epoch,cpu_mhz_avg,gpu_edge_c,acpi_c,gpu_mhz,gpu_power_w,bat_status,bat_pct,mem_avail_mb
1790379253,2404,48.0,59.0,200,7.04,Not charging,76,8454
1790379258,2416,64.0,62.0,1600,14.22,Not charging,76,8135
1790379263,2424,66.0,66.0,1272,12.21,Not charging,76,8114
1790379268,2288,67.0,68.0,1519,14.22,Not charging,76,8134
1790379273,2424,70.0,69.0,1600,14.12,Not charging,76,8115
1790379278,2424,70.0,69.0,1600,14.20,Not charging,76,8118
1790379283,2425,70.0,70.0,1600,13.09,Not charging,76,8114
1790379288,2424,70.0,70.0,1600,16.17,Not charging,76,8130
1790379293,2266,71.0,70.0,1600,15.15,Not charging,76,8154
1790379298,2009,71.0,70.0,1600,14.22,Not charging,76,8146
1790379303,1851,71.0,71.0,1600,15.03,Not charging,76,8149
1790379308,2233,70.0,71.0,1600,15.25,Not charging,76,8132
1790379313,2211,71.0,71.0,1600,14.18,Not charging,76,8162
1790379318,2419,71.0,71.0,1600,16.03,Not charging,76,8153
1790379323,2424,71.0,71.0,1600,16.04,Not charging,76,8152
1790379328,2424,70.0,71.0,1495,14.05,Not charging,76,8125
1790379333,2233,71.0,70.0,1600,15.00,Not charging,76,8129
1790379338,2380,70.0,70.0,200,10.05,Not charging,76,8132
1790379343,2424,70.0,70.0,1600,14.02,Not charging,76,8138
1790379348,2335,70.0,70.0,1600,14.24,Not charging,76,8130
1790379354,2071,70.0,70.0,1600,15.22,Not charging,76,8127
1790379359,2424,68.0,70.0,1571,15.23,Not charging,76,8105
1790379364,2370,70.0,70.0,1600,14.16,Not charging,76,8131
1790379369,2424,70.0,70.0,1600,14.23,Not charging,76,8139
1790379374,2261,71.0,71.0,1600,15.07,Not charging,76,8143
1790379379,2424,71.0,71.0,1600,15.09,Not charging,76,8154
1790379384,2424,70.0,71.0,1600,15.00,Not charging,76,8155
1790379389,2424,70.0,71.0,1600,15.13,Not charging,76,8149
1790379394,2424,70.0,71.0,1600,14.25,Not charging,76,8149
1790379399,2399,70.0,71.0,1600,15.07,Not charging,76,8145
1790379404,2424,68.0,70.0,1600,16.09,Not charging,76,8124
1790379409,2424,70.0,70.0,1600,16.13,Not charging,76,8144
1790379414,2334,71.0,71.0,1600,14.19,Not charging,76,8142
1790379419,2353,70.0,71.0,1600,14.21,Not charging,76,8103
1790379424,2091,71.0,71.0,1600,14.18,Not charging,76,8124
1790379429,2423,70.0,70.0,1600,15.05,Not charging,76,8124
1790379434,2424,71.0,70.0,1600,15.13,Not charging,76,8143
1790379439,2424,71.0,71.0,1600,16.11,Not charging,76,8125
1790379444,2424,71.0,71.0,1600,14.23,Not charging,76,8070
1790379449,2400,71.0,72.0,1600,17.06,Not charging,76,8104
1790379454,1562,72.0,72.0,1600,16.01,Not charging,76,8100
1790379459,2425,71.0,72.0,1600,16.11,Not charging,76,8123
1790379464,2223,70.0,72.0,1569,15.06,Not charging,76,8127
1790379469,2424,72.0,72.0,1600,15.22,Not charging,76,8143
1790379474,2417,72.0,72.0,1600,15.00,Not charging,76,8153
1790379480,2334,72.0,72.0,1600,16.02,Not charging,76,8150
1790379485,2424,72.0,72.0,1408,14.06,Not charging,76,8127
1790379490,2334,72.0,72.0,1600,16.22,Not charging,76,8149
1790379495,2275,71.0,72.0,1600,16.05,Not charging,76,8166
1790379500,2424,71.0,72.0,1600,16.17,Not charging,76,8154
1790379505,2323,70.0,72.0,1500,15.21,Not charging,76,8155
1790379510,1588,72.0,72.0,1600,14.04,Not charging,76,8129
1790379515,2424,71.0,72.0,1600,16.02,Not charging,76,8165
1790379520,2350,70.0,72.0,1556,15.05,Not charging,76,8165
1790379525,2424,70.0,72.0,1528,15.08,Not charging,76,8160
1790379530,1506,72.0,72.0,1600,15.06,Not charging,76,8168
1790379535,2424,71.0,72.0,200,10.07,Not charging,76,8161
1790379540,1418,73.0,72.0,1600,15.18,Not charging,76,8167
1790379545,2348,69.0,72.0,1509,14.21,Not charging,76,8129
1790379550,1771,72.0,72.0,1600,15.04,Not charging,76,8140
1790379555,1839,72.0,72.0,1600,15.14,Not charging,76,8160
1790379560,2198,73.0,72.0,1600,14.18,Not charging,76,8171
1790379565,2424,71.0,72.0,1600,16.06,Not charging,76,8168
1790379570,2424,71.0,72.0,1600,16.16,Not charging,76,8172
1790379575,2323,70.0,72.0,1555,15.04,Not charging,76,8191
1790379580,1684,71.0,72.0,1600,15.14,Not charging,76,8172
1790379585,2424,73.0,72.0,1600,15.14,Not charging,76,8188
1790379590,2286,72.0,72.0,1600,14.19,Not charging,76,8175
1790379595,2413,71.0,72.0,1600,15.01,Not charging,76,8167
1790379601,2424,70.0,72.0,1592,15.20,Not charging,76,8173
1790379606,2348,71.0,72.0,1533,14.16,Not charging,76,8159
1790379611,2424,71.0,72.0,1469,14.03,Not charging,76,8148
1790379616,1868,72.0,72.0,1600,14.19,Not charging,76,8172
1790379621,2424,72.0,72.0,1600,16.12,Not charging,76,8175
1790379626,2241,72.0,72.0,1600,13.05,Not charging,76,8184
1790379631,1401,71.0,72.0,1600,14.06,Not charging,76,8176
1790379636,1399,71.0,72.0,200,6.02,Not charging,76,8183
1790379641,2407,70.0,72.0,1600,15.23,Not charging,76,8192
1790379646,2424,71.0,71.0,1600,15.13,Not charging,76,8191
1790379651,2343,70.0,71.0,1600,15.24,Not charging,76,8194
1790379656,2282,70.0,71.0,1600,15.05,Not charging,76,8188
1790379661,2344,70.0,71.0,1600,15.05,Not charging,76,8163
1790379666,2424,71.0,71.0,1600,13.20,Not charging,76,8170
1790379671,2420,70.0,71.0,1600,16.18,Not charging,76,8172
1790379676,1984,70.0,70.0,1600,15.22,Not charging,76,8179
1790379681,2424,70.0,71.0,1600,15.17,Not charging,76,8167
1790379686,2424,71.0,71.0,1600,15.06,Not charging,76,8173
1790379691,1754,72.0,72.0,1600,13.20,Not charging,76,8168
1790379696,2260,71.0,72.0,1600,15.09,Not charging,76,8185
1790379701,2323,71.0,71.0,1600,15.14,Not charging,76,8166
1790379706,2424,69.0,71.0,1416,14.11,Not charging,76,8144
1790379711,2339,70.0,71.0,1600,15.21,Not charging,76,8173
1790379716,2298,70.0,71.0,1600,16.21,Not charging,76,8176
1790379722,2106,70.0,70.0,1600,16.04,Not charging,76,8180
1790379727,2423,70.0,71.0,1534,13.20,Not charging,76,8161
1790379732,2402,72.0,71.0,1600,15.03,Not charging,76,8105
1790379737,2424,70.0,71.0,1517,15.12,Not charging,76,8125
1790379742,2424,70.0,71.0,1600,14.22,Not charging,76,8153
1790379747,2424,71.0,71.0,1600,14.12,Not charging,76,8175
1790379752,1778,71.0,71.0,1600,15.08,Not charging,76,8167
1790379757,2398,72.0,71.0,1600,17.05,Not charging,76,8159
1790379762,2407,72.0,71.0,1600,15.09,Not charging,76,8170
1790379767,1612,72.0,72.0,1600,13.23,Not charging,76,8178
1790379772,2083,72.0,72.0,1600,16.16,Not charging,76,8177
1790379777,2387,72.0,72.0,1600,15.21,Not charging,76,8177
1790379782,2349,69.0,72.0,1489,14.03,Not charging,76,8174
1790379787,2424,72.0,72.0,1600,15.08,Not charging,76,8179
1790379792,2211,72.0,72.0,1600,15.12,Not charging,76,8175
1790379797,2418,71.0,72.0,1600,17.01,Not charging,76,8175
1790379802,2423,71.0,72.0,1468,15.13,Not charging,76,8169
1790379807,1780,72.0,72.0,1600,16.04,Not charging,76,8180
1790379812,1536,72.0,72.0,1600,14.19,Not charging,76,8177
1790379817,2113,72.0,72.0,1600,15.15,Not charging,76,8186
1790379822,2235,70.0,72.0,1499,14.24,Not charging,76,8151
1790379827,2425,72.0,72.0,1600,16.12,Not charging,76,8174
1790379832,2419,71.0,72.0,1456,13.24,Not charging,76,8150
1790379837,2334,70.0,72.0,1507,15.05,Not charging,76,8170
1790379842,1800,71.0,72.0,1600,15.10,Not charging,76,8167
1790379848,2020,72.0,72.0,1600,14.14,Not charging,76,8164
1790379853,1882,73.0,73.0,1600,15.11,Not charging,76,8184
1790379858,1399,72.0,72.0,1600,15.09,Not charging,76,8166
1790379863,2424,72.0,72.0,1600,15.17,Not charging,76,8174
1790379868,1430,72.0,72.0,1600,14.06,Not charging,76,8174
1790379873,1662,72.0,72.0,1600,15.07,Not charging,76,8174
1790379878,1989,72.0,72.0,1599,15.22,Not charging,76,8154
1790379883,2335,72.0,72.0,1600,15.09,Not charging,76,8167
1790379888,2370,71.0,72.0,1600,13.19,Not charging,76,8150
1790379893,1399,72.0,72.0,1600,15.07,Not charging,76,8181
1790379898,2424,72.0,73.0,1484,15.11,Not charging,76,8161
1790379903,2119,72.0,72.0,1600,16.03,Not charging,76,8182
1790379908,1788,72.0,72.0,1600,15.15,Not charging,76,8182
1790379913,2334,72.0,72.0,1600,15.07,Not charging,76,8154
1790379918,2346,72.0,72.0,1600,16.19,Not charging,76,8162
1790379923,2424,72.0,72.0,1600,15.11,Not charging,76,8168
1790379928,2103,70.0,72.0,1561,15.25,Not charging,76,8149
1790379933,2070,72.0,72.0,1600,14.03,Not charging,76,8167
1790379938,2341,73.0,72.0,1600,15.01,Not charging,76,8161
1790379943,2187,72.0,72.0,1600,14.24,Not charging,76,8141
1790379948,2380,72.0,72.0,1600,16.06,Not charging,76,8153
1790379953,2424,71.0,72.0,1600,16.01,Not charging,76,8149
1790379958,2424,69.0,72.0,1541,15.12,Not charging,76,8120
1790379964,2338,71.0,71.0,1599,4.19,Not charging,76,8150
1790379969,2420,70.0,71.0,1600,15.02,Not charging,76,8144
1790379974,2422,66.0,71.0,1201,10.22,Not charging,76,8147
1790379979,2318,71.0,71.0,1600,15.11,Not charging,76,8147
1790379984,2424,70.0,71.0,1600,8.03,Not charging,76,8161
1790379989,2300,70.0,70.0,1600,15.10,Not charging,76,8146
1790379994,2424,70.0,71.0,1565,16.05,Not charging,76,8125
1790379999,2388,71.0,71.0,1600,15.14,Not charging,76,8140
1790380004,2424,72.0,71.0,1600,15.09,Not charging,76,8145
1790380009,2011,71.0,72.0,1600,13.11,Not charging,76,8134
1790380014,2424,71.0,71.0,1600,15.13,Not charging,76,8156
1790380019,2370,71.0,71.0,1600,15.01,Not charging,76,8148
1790380024,2421,70.0,71.0,1600,14.23,Not charging,76,8139
1790380029,2323,70.0,71.0,1600,15.21,Not charging,76,8158
1790380034,2271,69.0,70.0,1600,15.07,Not charging,76,8167
1790380039,2424,72.0,71.0,1600,15.12,Not charging,76,8157
1790380044,2035,71.0,71.0,1600,15.04,Not charging,76,8167
1790380049,2201,67.0,71.0,1499,14.01,Not charging,76,8127
1790380054,2305,72.0,71.0,1600,15.01,Not charging,76,8134
1790380059,2424,71.0,71.0,1600,15.18,Not charging,76,8156
1790380064,2345,71.0,71.0,1600,8.10,Not charging,76,8180
1790380069,2424,71.0,71.0,1600,15.09,Not charging,76,8172
1790380074,2326,72.0,71.0,1600,14.18,Not charging,76,8150
1790380079,2308,71.0,72.0,1600,14.23,Not charging,76,8140
1790380084,2424,72.0,72.0,1600,15.01,Not charging,76,8124
1790380089,2424,72.0,72.0,1600,16.22,Not charging,76,8132
1790380094,2424,71.0,72.0,1600,16.00,Not charging,76,8147
1790380100,2329,71.0,72.0,1600,15.22,Not charging,76,8155
1790380105,2269,72.0,72.0,1600,14.25,Not charging,76,8147
1790380110,1604,73.0,72.0,1600,14.20,Not charging,76,8133
1790380115,1933,72.0,72.0,1600,14.25,Not charging,76,8129
1790380120,2424,72.0,72.0,1600,16.17,Not charging,76,8145
1790380125,2250,72.0,72.0,1600,15.07,Not charging,76,8160
1790380130,2169,71.0,72.0,1600,15.25,Not charging,76,8158
1790380135,2424,72.0,72.0,1600,15.12,Not charging,76,8165
1790380140,2083,72.0,72.0,1600,14.25,Not charging,76,8132
1790380145,2025,72.0,72.0,1600,14.06,Not charging,76,8147
1790380150,2424,71.0,72.0,1432,14.12,Not charging,76,8127
1790380155,2023,71.0,72.0,1600,14.23,Not charging,76,8164
1790380160,1998,73.0,72.0,1600,14.07,Not charging,76,8161
1790380165,1931,72.0,72.0,1600,15.25,Not charging,76,8174
1790380170,2424,72.0,73.0,1600,15.03,Not charging,76,8176
1790380175,1399,73.0,73.0,1600,15.18,Not charging,76,8146
1790380180,2425,71.0,72.0,1565,15.08,Not charging,76,8133
1790380185,2424,72.0,73.0,1600,16.05,Not charging,76,8146
1790380190,2375,72.0,73.0,1600,14.04,Not charging,76,8168
1790380195,1985,72.0,72.0,1600,15.13,Not charging,76,8180
1790380200,2349,72.0,72.0,1600,15.10,Not charging,76,8182
1790380205,1819,72.0,73.0,1600,14.06,Not charging,76,8172
1790380211,1715,72.0,73.0,1600,15.05,Not charging,76,8162
1790380216,2424,71.0,72.0,1503,14.20,Not charging,76,8149
1790380221,1399,72.0,72.0,1600,14.21,Not charging,76,8150
1790380226,2424,71.0,72.0,1600,15.05,Not charging,76,8159
1790380231,2066,72.0,72.0,1600,15.09,Not charging,76,8159
1790380236,1958,72.0,72.0,1600,14.18,Not charging,76,8157
1790380241,2089,73.0,72.0,1600,15.16,Not charging,76,8165
1790380246,1758,72.0,72.0,1568,15.01,Not charging,76,8157
1790380251,2424,72.0,72.0,1600,15.23,Not charging,76,8179
1790380256,2424,72.0,72.0,1600,15.22,Not charging,76,8163
1790380261,2424,72.0,72.0,1600,15.18,Not charging,76,8159
1790380266,2424,72.0,72.0,1600,16.05,Not charging,76,8175
1790380271,2343,72.0,72.0,1600,16.07,Not charging,76,8156
1790380276,2059,71.0,72.0,1600,14.00,Not charging,76,8193
1790380281,2424,71.0,71.0,1600,13.21,Not charging,76,8192
1790380286,2424,70.0,71.0,1600,13.25,Not charging,76,8181
1790380291,2159,71.0,71.0,1600,15.22,Not charging,76,8171
1790380296,2423,71.0,71.0,1600,13.11,Not charging,76,8151
1790380301,2424,70.0,71.0,1600,15.23,Not charging,76,8174
1790380306,2423,69.0,71.0,1540,13.24,Not charging,76,8175
1790380311,2064,72.0,71.0,1600,16.03,Not charging,76,8169
1790380316,2424,72.0,71.0,1600,15.06,Not charging,76,8170
1790380321,2424,72.0,72.0,1600,14.24,Not charging,76,8176
1790380326,2334,72.0,72.0,1600,13.14,Not charging,76,8168
1790380331,2425,72.0,71.0,1600,14.19,Not charging,76,8140
1790380337,2424,71.0,71.0,1600,15.15,Not charging,76,8141
1790380342,2424,69.0,71.0,1559,15.14,Not charging,76,8131
1790380347,2424,69.0,70.0,1600,16.15,Not charging,76,8151
1790380352,2188,70.0,71.0,1600,13.25,Not charging,76,8143
1790380357,2423,72.0,71.0,1600,16.14,Not charging,76,8128
1790380362,2424,71.0,71.0,1600,16.06,Not charging,76,8120
1790380367,2424,71.0,71.0,1600,15.16,Not charging,76,8152
1790380372,2425,70.0,71.0,1517,15.08,Not charging,76,8139
1790380377,2355,71.0,71.0,1600,16.09,Not charging,76,8158
1790380382,2424,71.0,71.0,1600,16.15,Not charging,76,8163
1790380387,2424,71.0,71.0,1600,16.11,Not charging,76,8156
1790380392,2424,72.0,72.0,1600,15.16,Not charging,76,8172
1790380397,2366,72.0,72.0,1600,15.12,Not charging,76,8159
1790380402,2424,71.0,72.0,1600,17.01,Not charging,76,8124
1790380407,2314,72.0,72.0,1600,15.00,Not charging,76,8155
1790380412,2424,71.0,72.0,1600,13.22,Not charging,76,8164
1790380417,1970,73.0,72.0,1600,15.02,Not charging,76,8156
1790380422,2293,72.0,73.0,1600,14.20,Not charging,76,8164
1790380427,2254,73.0,73.0,1600,15.03,Not charging,76,8162
1790380432,2424,71.0,72.0,1600,14.11,Not charging,76,8154
1790380437,2122,72.0,72.0,1600,15.18,Not charging,76,8152
1790380442,2421,70.0,72.0,1529,15.18,Not charging,76,8158
1790380447,1858,72.0,72.0,1600,14.11,Not charging,76,8066
1790380452,2233,70.0,72.0,1600,16.00,Not charging,76,8071
1790380457,2424,72.0,72.0,1600,15.01,Not charging,76,8085
1790380463,2424,72.0,72.0,1600,14.25,Not charging,76,8043
1790380468,1503,72.0,72.0,200,10.14,Not charging,76,8063
1790380473,1737,73.0,72.0,1600,14.19,Not charging,76,8080
1790380478,2074,72.0,72.0,1600,14.18,Not charging,76,8032
1790380483,2424,72.0,72.0,1600,15.21,Not charging,76,8063
1790380488,2425,69.0,72.0,1378,14.14,Not charging,76,8077
1790380493,1705,73.0,72.0,1600,15.06,Not charging,76,8056
1790380498,2424,71.0,72.0,1366,14.09,Not charging,76,8022
1790380503,1932,73.0,72.0,1600,13.06,Not charging,76,8058
1790380508,2173,72.0,73.0,1600,14.24,Not charging,76,8082
1790380513,1399,72.0,72.0,200,12.19,Not charging,76,8057
1790380518,1915,72.0,72.0,1600,15.11,Not charging,76,8078
1790380523,2316,73.0,72.0,1600,15.07,Not charging,76,8078
1790380528,1399,72.0,72.0,1598,15.14,Not charging,76,8046
1790380533,2214,72.0,72.0,1600,16.07,Not charging,76,8072
1790380538,2424,73.0,72.0,1600,14.15,Not charging,76,8072
1790380543,2334,71.0,72.0,1600,15.08,Not charging,76,8072
1790380548,2063,72.0,72.0,1600,15.11,Not charging,76,8058
1790380553,2424,71.0,72.0,1600,15.15,Not charging,76,8090
1790380558,1399,72.0,72.0,1600,14.21,Not charging,76,8097
1790380563,1937,73.0,72.0,1600,15.21,Not charging,76,8096
1790380568,2108,72.0,72.0,1600,16.04,Not charging,76,8093
1790380573,2424,72.0,72.0,1600,14.21,Not charging,76,8091
1790380579,2188,72.0,72.0,1600,14.06,Not charging,76,8091
1790380584,2424,71.0,72.0,1600,14.13,Not charging,76,8094
1790380589,2352,71.0,71.0,1600,16.01,Not charging,76,8070
1790380594,2284,71.0,71.0,1600,16.02,Not charging,76,8081
1790380599,2424,70.0,70.0,1600,15.12,Not charging,76,8093
1790380604,2420,71.0,70.0,1600,15.04,Not charging,76,8093
1790380609,2336,71.0,71.0,1600,15.07,Not charging,76,8100
1790380614,1833,70.0,71.0,1600,14.16,Not charging,76,8106
1790380619,2369,70.0,70.0,1600,15.24,Not charging,76,8075
1790380624,2424,70.0,70.0,1494,14.14,Not charging,76,8076
1790380629,1585,68.0,71.0,1567,15.08,Not charging,76,8098
1790380634,2414,70.0,71.0,1600,15.25,Not charging,76,8099
1790380639,2424,71.0,71.0,1600,15.09,Not charging,76,8106
1790380644,2424,70.0,70.0,1600,14.22,Not charging,76,8115
1790380649,2424,70.0,70.0,1600,15.04,Not charging,76,8108
1790380654,2424,70.0,70.0,1581,15.22,Not charging,76,8072
1790380659,2424,69.0,70.0,1600,16.09,Not charging,76,8100
1790380664,2297,67.0,69.0,1515,15.00,Not charging,76,8105
1790380669,2424,70.0,70.0,1600,15.24,Not charging,76,8113
1790380674,2012,70.0,70.0,1600,15.09,Not charging,76,8099
1790380679,2424,68.0,70.0,1568,15.22,Not charging,76,8106
1790380684,2425,69.0,70.0,1600,16.02,Not charging,76,8093
1790380689,2221,69.0,69.0,1600,15.24,Not charging,76,8095
1790380694,2323,69.0,69.0,1546,14.16,Not charging,76,8091
1790380699,1962,70.0,70.0,1596,14.10,Not charging,76,8108
1790380704,2323,70.0,70.0,1600,16.04,Not charging,76,8110
1790380710,2243,68.0,70.0,1495,13.00,Not charging,76,8112
1790380715,1816,71.0,70.0,1600,15.11,Not charging,76,8117
1790380720,2424,69.0,70.0,1481,15.11,Not charging,76,8099
1790380725,2423,70.0,70.0,1600,17.05,Not charging,76,8109
1790380730,2424,71.0,70.0,1600,16.22,Not charging,76,8099
1790380735,2222,70.0,71.0,1600,14.25,Not charging,76,8114
1790380740,2374,71.0,71.0,1600,16.04,Not charging,76,8107
1790380745,2075,70.0,71.0,1600,14.11,Not charging,76,8103
1790380750,2424,68.0,70.0,1504,14.22,Not charging,76,8085
1790380755,2424,69.0,70.0,1600,16.11,Not charging,76,8110
1790380760,2334,70.0,70.0,1600,15.08,Not charging,76,8111
1790380765,2424,70.0,70.0,1600,14.20,Not charging,76,8094
1790380770,2336,70.0,70.0,1600,15.05,Not charging,76,8092
1790380775,2334,69.0,70.0,1600,16.21,Not charging,76,8083
1790380780,2424,69.0,70.0,1600,15.20,Not charging,76,8077
1790380785,2424,70.0,70.0,1600,15.00,Not charging,76,8118
1790380790,2104,71.0,70.0,1600,15.04,Not charging,76,8098
1790380795,2424,69.0,70.0,1530,15.06,Not charging,76,8094
1790380800,1756,70.0,70.0,1600,16.00,Not charging,76,8104
1790380805,2004,70.0,70.0,1600,14.12,Not charging,76,8095
1790380810,1441,69.0,70.0,1600,15.14,Not charging,76,8073
1790380815,1399,69.0,70.0,1522,14.18,Not charging,76,8089
1790380820,2097,70.0,70.0,1548,15.16,Not charging,76,8095
1790380825,2385,69.0,70.0,1600,14.19,Not charging,76,8089
1790380831,2424,70.0,70.0,1600,16.08,Not charging,76,8104
1790380836,2092,70.0,70.0,1600,14.24,Not charging,76,8099
1790380841,1839,70.0,70.0,1588,16.07,Not charging,76,8097
1790380846,2424,70.0,70.0,1525,13.07,Not charging,76,8071
1790380851,2424,69.0,70.0,1600,15.15,Not charging,76,8086
1790380856,2424,69.0,70.0,1600,15.01,Not charging,76,8100
1790380861,1662,69.0,70.0,1600,14.05,Not charging,76,8079
1790380866,2424,68.0,70.0,1549,14.22,Not charging,76,8092
1790380871,1686,69.0,70.0,1600,15.25,Not charging,76,8090
1790380876,2424,68.0,69.0,1433,14.23,Not charging,76,8057
1790380881,2334,68.0,70.0,1580,15.01,Not charging,76,8087
1790380886,1698,69.0,69.0,1600,15.04,Not charging,76,8090
1790380891,1893,69.0,69.0,1600,15.06,Not charging,76,8088
1790380896,2159,69.0,69.0,1600,14.07,Not charging,76,8084
1790380901,2216,69.0,69.0,1600,14.23,Not charging,76,8088
1790380906,2424,68.0,69.0,1600,15.05,Not charging,76,8073
1790380911,2327,68.0,68.0,200,12.13,Not charging,76,8087
1790380916,2424,69.0,68.0,1600,14.25,Not charging,76,8086
1790380921,2358,69.0,69.0,1600,15.14,Not charging,76,8095
1790380926,2424,68.0,68.0,1600,15.05,Not charging,76,8111
1790380931,2424,68.0,68.0,1600,15.11,Not charging,76,8069
1790380936,2424,66.0,68.0,1561,15.24,Not charging,76,8112
1790380941,2379,68.0,68.0,1600,15.08,Not charging,76,8093
1790380946,2424,68.0,69.0,1600,14.07,Not charging,76,8091
1790380951,2329,69.0,69.0,1600,14.10,Not charging,76,8070
1790380957,2363,68.0,69.0,1600,15.11,Not charging,76,8094
1790380962,2419,69.0,69.0,1600,15.09,Not charging,76,8071
1790380967,2424,68.0,69.0,1600,14.01,Not charging,76,8090
1790380972,2424,67.0,68.0,1543,15.09,Not charging,76,8058
1790380977,2424,67.0,68.0,1600,15.24,Not charging,76,8084
1790380982,2287,69.0,68.0,1600,15.19,Not charging,76,8095
1790380987,1909,68.0,69.0,1600,15.07,Not charging,76,8090
1790380992,2424,68.0,69.0,1547,12.25,Not charging,76,8071
1790380997,2424,68.0,68.0,1600,15.08,Not charging,76,8072
1790381002,2332,68.0,68.0,1600,16.09,Not charging,76,8074
1790381007,2424,68.0,68.0,1600,14.03,Not charging,76,8101
1790381012,2424,67.0,68.0,1577,14.19,Not charging,76,8103
1790381017,2322,69.0,68.0,1600,13.19,Not charging,76,8108
1790381022,2328,69.0,69.0,1600,15.05,Not charging,76,8079
1790381027,2424,68.0,69.0,1600,15.09,Not charging,76,8109
1790381032,1454,66.0,69.0,1486,14.06,Not charging,76,8089
1790381037,1771,69.0,69.0,1600,15.14,Not charging,76,8106
1790381042,1399,69.0,69.0,1600,15.07,Not charging,76,8095
1790381047,1560,69.0,69.0,1600,14.18,Not charging,76,8073
1790381052,1980,70.0,69.0,1600,15.24,Not charging,76,8084
